epoch,train_acc,test_acc,loss_total,loss_ce,loss_smooth,loss_comp
1,20.63,28.06,2.378413,2.378413,0.0,0.0
2,31.87,33.26,1.822213,1.822213,0.0,0.0
3,36.34,35.48,1.710264,1.710264,0.0,0.0
4,40.46,40.87,1.594217,1.594217,0.0,0.0
5,45.36,48.2,1.476596,1.476596,0.0,0.0
6,50.36,49.01,1.341984,1.341984,0.0,0.0
7,53.12,54.53,1.2756,1.2756,0.0,0.0
8,57.89,56.33,1.160223,1.160223,0.0,0.0
9,61.53,60.92,1.070377,1.070377,0.0,0.0
10,64.38,63.09,1.000347,1.000347,0.0,0.0
